{"assets/fonts/PlusJakartaSans-Bold.ttf":["assets/fonts/PlusJakartaSans-Bold.ttf"],"assets/fonts/PlusJakartaSans-Medium.ttf":["assets/fonts/PlusJakartaSans-Medium.ttf"],"assets/fonts/PlusJakartaSans-Regular.ttf":["assets/fonts/PlusJakartaSans-Regular.ttf"],"assets/fonts/PlusJakartaSans-SemiBold.ttf":["assets/fonts/PlusJakartaSans-SemiBold.ttf"],"assets/icons/App_Logo.png":["assets/icons/App_Logo.png"],"assets/icons/app_icon.png":["assets/icons/app_icon.png"],"assets/images/branding.png":["assets/images/branding.png"],"assets/images/remember.png":["assets/images/remember.png"],"packages/cupertino_icons/assets/CupertinoIcons.ttf":["packages/cupertino_icons/assets/CupertinoIcons.ttf"]}